Date,Total number of patients,Patients in ICU,Patients on ventilators
2020-04-01,72.0,31.0,26.0
2020-04-02,67.0,32.0,27.0
2020-04-03,75.0,37.0,28.0
2020-04-04,80.0,43.0,34.0
2020-04-05,79.0,47.0,28.0
2020-04-06,91.0,52.0,35.0
2020-04-07,88.0,51.0,40.0
2020-04-08,84.0,50.0,41.0
2020-04-09,85.0,55.0,42.0
2020-04-10,89.0,56.0,44.0
2020-04-11,84.0,52.0,46.0
2020-04-12,89.0,52.0,40.0
2020-04-13,88.0,52.0,37.0
2020-04-14,89.0,54.0,38.0
2020-04-15,89.0,50.0,36.0
2020-04-16,76.0,51.0,35.0
2020-04-17,80.0,47.0,25.0
2020-04-18,76.0,44.0,24.0
2020-04-19,81.0,41.0,24.0
2020-04-20,81.0,41.0,25.0
2020-04-21,82.0,41.0,24.0
2020-04-22,79.0,38.0,22.0
2020-04-23,64.0,32.0,20.0
2020-04-24,63.0,32.0,17.0
2020-04-25,62.0,32.0,17.0
2020-04-26,58.0,33.0,17.0
2020-04-27,59.0,34.0,16.0
2020-04-28,56.0,33.0,16.0
2020-04-29,55.0,36.0,20.0
2020-04-30,55.0,37.0,21.0
2020-05-01,60.0,42.0,21.0
2020-05-02,58.0,37.0,20.0
2020-05-03,59.0,34.0,20.0
2020-05-04,57.0,33.0,18.0
2020-05-05,61.0,35.0,25.0
2020-05-06,60.0,34.0,21.0
2020-05-07,63.0,38.0,25.0
2020-05-08,63.0,34.0,21.0
2020-05-09,62.0,35.0,21.0
2020-05-10,61.0,37.0,22.0
2020-05-11,63.0,44.0,26.0
2020-05-12,66.0,43.0,27.0
2020-05-13,67.0,36.0,27.0
2020-05-14,65.0,38.0,26.0
2020-05-15,70.0,34.0,25.0
2020-05-16,66.0,29.0,14.0
2020-05-17,70.0,31.0,16.0
2020-05-18,77.0,36.0,18.0
2020-05-19,80.0,35.0,20.0
2020-05-20,82.0,36.0,17.0
2020-05-21,82.0,40.0,20.0
2020-05-22,73.0,41.0,21.0
2020-05-23,70.0,38.0,19.0
2020-05-24,79.0,41.0,20.0
2020-05-25,84.0,43.0,17.0
2020-05-26,87.0,44.0,19.0
2020-05-27,92.0,39.0,19.0
2020-05-28,95.0,41.0,22.0
2020-05-29,91.0,40.0,25.0
2020-05-30,83.0,39.0,20.0
2020-05-31,92.0,39.0,22.0
2020-06-01,93.0,39.0,20.0
2020-06-02,92.0,35.0,21.0
2020-06-03,90.0,37.0,21.0
2020-06-04,93.0,36.0,19.0
2020-06-05,88.0,37.0,19.0
2020-06-06,84.0,34.0,16.0
2020-06-07,90.0,32.0,17.0
2020-06-08,96.0,38.0,23.0
2020-06-09,107.0,43.0,24.0
2020-06-10,108.0,50.0,28.0
2020-06-11,122.0,54.0,25.0
2020-06-12,138.0,58.0,26.0
2020-06-13,148.0,58.0,26.0
2020-06-14,176.0,70.0,29.0
2020-06-15,187.0,72.0,33.0
2020-06-16,212.0,82.0,41.0
2020-06-17,241.0,91.0,43.0
2020-06-18,267.0,92.0,40.0
2020-06-19,322.0,101.0,50.0
2020-06-20,336.0,111.0,49.0
2020-06-21,406.0,133.0,64.0
2020-06-22,446.0,124.0,60.0
2020-06-23,518.0,146.0,79.0
2020-06-24,555.0,164.0,82.0
2020-06-25,628.0,202.0,94.0
2020-06-26,699.0,221.0,117.0
2020-06-27,730.0,219.0,112.0
2020-06-28,802.0,265.0,138.0
2020-06-29,881.0,274.0,154.0
2020-06-30,966.0,288.0,158.0
2020-07-01,1019.0,324.0,175.0
2020-07-02,1074.0,332.0,180.0
2020-07-03,1089.0,345.0,192.0
2020-07-04,1120.0,351.0,191.0
2020-07-05,1142.0,365.0,197.0
2020-07-06,1168.0,382.0,213.0
2020-07-07,1235.0,389.0,221.0
2020-07-08,1205.0,399.0,232.0
2020-07-09,1216.0,399.0,231.0
2020-07-10,1240.0,416.0,248.0
2020-07-11,1221.0,401.0,249.0
2020-07-12,1265.0,419.0,246.0
2020-07-13,1267.0,421.0,257.0
2020-07-14,1237.0,417.0,260.0
2020-07-15,1231.0,438.0,274.0
2020-07-16,1202.0,430.0,277.0
2020-07-17,1166.0,436.0,298.0
2020-07-18,1144.0,426.0,293.0
2020-07-19,1199.0,431.0,299.0
2020-07-20,1193.0,430.0,294.0
2020-07-21,1166.0,435.0,288.0
2020-07-22,1113.0,429.0,287.0
2020-07-23,1074.0,437.0,286.0
2020-07-24,1059.0,430.0,294.0
2020-07-25,1047.0,419.0,290.0
2020-07-26,1044.0,418.0,287.0
2020-07-27,1073.0,431.0,294.0
2020-07-28,1045.0,413.0,283.0
2020-07-29,1007.0,389.0,269.0
2020-07-30,965.0,380.0,250.0
2020-07-31,926.0,364.0,252.0
2020-08-01,874.0,352.0,244.0
2020-08-03,886.0,350.0,238.0
2020-08-04,858.0,336.0,234.0
2020-08-05,817.0,345.0,238.0
2020-08-06,801.0,345.0,238.0
2020-08-07,770.0,339.0,231.0
2020-08-08,743.0,328.0,229.0
2020-08-09,738.0,322.0,220.0
2020-08-10,725.0,305.0,216.0
2020-08-11,720.0,317.0,216.0
2020-08-12,710.0,309.0,213.0
2020-08-13,694.0,311.0,213.0
2020-08-14,651.0,306.0,195.0
2020-08-15,598.0,285.0,194.0
2020-08-16,612.0,279.0,192.0
2020-08-17,603.0,267.0,188.0
2020-08-18,569.0,255.0,184.0
2020-08-19,546.0,247.0,162.0
2020-08-20,532.0,239.0,163.0
2020-08-21,520.0,232.0,153.0
2020-08-22,482.0,213.0,144.0
2020-08-23,478.0,206.0,144.0
2020-08-24,473.0,207.0,139.0
2020-08-25,458.0,209.0,139.0
2020-08-26,436.0,202.0,134.0
2020-08-27,412.0,197.0,132.0
2020-08-28,393.0,196.0,125.0
2020-08-29,366.0,174.0,111.0
2020-08-30,366.0,162.0,103.0
2020-08-31,386.0,155.0,95.0
2020-09-01,366.0,157.0,93.0
2020-09-02,356.0,164.0,93.0
2020-09-03,344.0,155.0,87.0
2020-09-04,323.0,145.0,83.0
2020-09-05,317.0,141.0,81.0
2020-09-06,306.0,141.0,83.0
2020-09-08,304.0,134.0,81.0
2020-09-09,298.0,130.0,84.0
2020-09-10,284.0,128.0,80.0
2020-09-11,278.0,113.0,59.0
2020-09-12,260.0,110.0,55.0
2020-09-13,246.0,108.0,54.0
2020-09-14,248.0,105.0,51.0
2020-09-15,228.0,105.0,47.0
2020-09-16,210.0,100.0,42.0
2020-09-17,214.0,100.0,43.0
2020-09-18,218.0,99.0,43.0
2020-09-19,214.0,89.0,43.0
2020-09-20,225.0,92.0,45.0
2020-09-21,226.0,85.0,45.0
2020-09-22,233.0,86.0,42.0
2020-09-23,228.0,87.0,41.0
2020-09-24,231.0,87.0,36.0
2020-09-25,225.0,83.0,34.0
2020-09-26,228.0,85.0,30.0
2020-09-27,221.0,86.0,34.0
2020-09-28,220.0,86.0,34.0
2020-09-29,230.0,81.0,29.0
2020-09-30,212.0,81.0,30.0
2020-10-01,205.0,76.0,36.0
2020-10-02,196.0,76.0,31.0
2020-10-03,191.0,81.0,34.0
2020-10-04,200.0,80.0,30.0
2020-10-05,219.0,86.0,38.0
2020-10-06,206.0,82.0,41.0
2020-10-07,203.0,84.0,39.0
2020-10-08,185.0,80.0,36.0
2020-10-09,193.0,84.0,37.0
2020-10-10,190.0,83.0,38.0
2020-10-11,192.0,81.0,39.0
2020-10-12,184.0,78.0,40.0
2020-10-13,190.0,78.0,39.0
2020-10-14,193.0,80.0,39.0
2020-10-15,203.0,76.0,33.0
2020-10-16,200.0,80.0,32.0
2020-10-17,192.0,81.0,29.0
2020-10-18,190.0,83.0,30.0
2020-10-19,193.0,84.0,36.0
2020-10-20,189.0,91.0,42.0
2020-10-21,200.0,90.0,43.0
2020-10-22,209.0,89.0,42.0
2020-10-23,208.0,85.0,36.0
2020-10-24,220.0,85.0,41.0
2020-10-25,237.0,87.0,42.0
2020-10-26,248.0,91.0,45.0
2020-10-27,238.0,89.0,46.0
2020-10-28,225.0,84.0,44.0
2020-10-29,223.0,80.0,38.0
2020-10-30,235.0,92.0,50.0
2020-10-31,227.0,88.0,58.0
2020-11-01,227.0,94.0,59.0
2020-11-02,233.0,96.0,49.0
2020-11-03,240.0,104.0,46.0
2020-11-04,255.0,110.0,56.0
2020-11-05,259.0,111.0,56.0
2020-11-06,253.0,111.0,52.0
2020-11-07,261.0,107.0,39.0
2020-11-08,274.0,116.0,54.0
2020-11-09,294.0,118.0,56.0
2020-11-10,306.0,128.0,57.0
2020-11-11,326.0,125.0,60.0
2020-11-12,353.0,129.0,62.0
2020-11-13,353.0,126.0,61.0
2020-11-14,371.0,129.0,60.0
2020-11-15,384.0,131.0,67.0
2020-11-16,407.0,142.0,65.0
2020-11-17,407.0,142.0,65.0
2020-11-18,435.0,139.0,73.0
2020-11-19,440.0,153.0,65.0
2020-11-20,444.0,141.0,66.0
2020-11-21,466.0,148.0,66.0
2020-11-22,492.0,165.0,84.0
2020-11-23,509.0,171.0,80.0
2020-11-24,513.0,173.0,86.0
2020-11-25,543.0,175.0,88.0
2020-11-26,536.0,167.0,97.0
2020-11-27,528.0,173.0,93.0
2020-11-28,548.0,172.0,92.0
2020-11-29,582.0,178.0,96.0
2020-11-30,587.0,182.0,99.0
2020-12-01,593.0,188.0,104.0
2020-12-02,580.0,192.0,103.0
2020-12-03,593.0,198.0,104.0
2020-12-04,587.0,207.0,126.0
2020-12-05,576.0,208.0,104.0
2020-12-06,576.0,204.0,105.0
2020-12-07,614.0,207.0,105.0
2020-12-08,646.0,220.0,114.0
2020-12-09,663.0,226.0,119.0
2020-12-10,679.0,226.0,116.0
2020-12-11,716.0,223.0,115.0
2020-12-12,697.0,238.0,125.0
2020-12-13,705.0,234.0,129.0
2020-12-14,769.0,258.0,115.0
2020-12-15,800.0,270.0,134.0
2020-12-16,826.0,267.0,130.0
2020-12-17,837.0,272.0,134.0
2020-12-18,832.0,275.0,140.0
2020-12-19,824.0,268.0,133.0
2020-12-20,866.0,273.0,145.0
2020-12-21,889.0,286.0,146.0
2020-12-22,912.0,292.0,145.0
2020-12-23,945.0,290.0,152.0
2020-12-24,1000.0,299.0,159.0
2020-12-25,1079.0,299.0,164.0
2020-12-26,960.0,286.0,156.0
2020-12-27,1000.0,299.0,159.0
2020-12-28,1079.0,299.0,164.0
2020-12-29,1116.0,314.0,170.0
2020-12-30,1136.0,331.0,165.0
2020-12-31,1122.0,321.0,167.0
2021-01-01,1103.0,328.0,178.0
2021-01-02,1163.0,337.0,198.0
2021-01-03,1234.0,337.0,182.0
2021-01-04,1259.0,342.0,186.0
2021-01-05,1318.0,369.0,185.0
2021-01-06,1341.0,383.0,199.0
2021-01-07,1376.0,394.0,214.0
2021-01-08,1398.0,388.0,216.0
2021-01-09,1399.0,381.0,213.0
2021-01-10,1407.0,395.0,229.0
2021-01-11,1433.0,392.0,229.0
2021-01-12,1426.0,403.0,228.0
2021-01-13,1411.0,393.0,237.0
2021-01-14,1407.0,382.0,231.0
2021-01-15,1387.0,403.0,243.0
2021-01-16,1394.0,424.0,241.0
2021-01-17,1439.0,436.0,244.0
2021-01-18,1520.0,437.0,260.0
2021-01-19,1507.0,435.0,257.0
2021-01-20,1466.0,452.0,247.0
2021-01-21,1419.0,426.0,255.0
2021-01-22,1393.0,414.0,252.0
2021-01-23,1375.0,414.0,252.0
2021-01-24,1381.0,407.0,251.0
2021-01-25,1402.0,409.0,263.0
2021-01-26,1353.0,404.0,271.0
2021-01-27,1341.0,394.0,255.0
2021-01-28,1276.0,397.0,249.0
2021-01-29,1216.0,401.0,256.0
2021-01-30,1190.0,398.0,247.0
2021-01-31,1169.0,385.0,247.0
2021-02-01,1171.0,399.0,244.0
2021-02-02,1176.0,399.0,232.0
2021-02-03,1127.0,394.0,236.0
2021-02-04,1081.0,374.0,223.0
2021-02-05,999.0,372.0,217.0
2021-02-06,969.0,373.0,193.0
2021-02-07,944.0,354.0,200.0
2021-02-08,917.0,351.0,209.0
2021-02-09,884.0,341.0,198.0
2021-02-10,855.0,342.0,198.0
2021-02-11,791.0,316.0,182.0
2021-02-12,767.0,306.0,164.0
2021-02-13,746.0,288.0,158.0
2021-02-14,704.0,283.0,148.0
2021-02-15,709.0,278.0,156.0
2021-02-16,639.0,255.0,141.0
2021-02-17,698.0,261.0,144.0
2021-02-18,695.0,257.0,149.0
2021-02-19,696.0,253.0,142.0
2021-02-20,615.0,232.0,141.0
2021-02-21,595.0,232.0,137.0
2021-02-22,608.0,223.0,100.0
2021-02-23,569.0,208.0,126.0
2021-02-24,499.0,190.0,115.0
2021-02-25,494.0,194.0,111.0
2021-02-26,461.0,180.0,100.0
2021-02-27,455.0,186.0,109.0
2021-02-28,447.0,195.0,111.0
2021-03-01,464.0,199.0,110.0
2021-03-02,418.0,158.0,90.0
2021-03-03,401.0,148.0,86.0
2021-03-04,368.0,136.0,72.0
2021-03-05,335.0,126.0,65.0
2021-03-06,301.0,138.0,72.0
2021-03-07,291.0,123.0,68.0
2021-03-08,282.0,25.0,69.0
2021-03-09,262.0,120.0,76.0
2021-03-10,250.0,112.0,73.0
2021-03-11,240.0,104.0,63.0
2021-03-12,237.0,97.0,61.0
2021-03-13,248.0,90.0,59.0
2021-03-14,216.0,86.0,52.0
2021-03-15,215.0,90.0,53.0
2021-03-16,206.0,84.0,47.0
2021-03-17,208.0,74.0,42.0
2021-03-18,202.0,79.0,41.0
2021-03-19,201.0,75.0,41.0
2021-03-20,191.0,71.0,41.0
2021-03-21,188.0,76.0,45.0
2021-03-22,188.0,81.0,46.0
2021-03-23,182.0,72.0,40.0
2021-03-24,183.0,63.0,37.0
2021-03-25,188.0,69.0,39.0
2021-03-26,184.0,75.0,40.0
2021-03-27,187.0,75.0,34.0
2021-03-28,182.0,74.0,37.0
2021-03-29,192.0,78.0,38.0
2021-03-30,193.0,73.0,34.0
2021-03-31,190.0,68.0,29.0
2021-04-01,185.0,74.0,32.0
2021-04-02,183.0,75.0,31.0
2021-04-03,176.0,77.0,32.0
2021-04-04,186.0,76.0,32.0
2021-04-05,179.0,72.0,30.0
2021-04-06,189.0,76.0,29.0
2021-04-07,195.0,84.0,28.0
2021-04-08,199.0,84.0,26.0
2021-04-09,207.0,96.0,27.0
2021-04-10,214.0,80.0,34.0
2021-04-11,207.0,75.0,33.0
2021-04-12,217.0,79.0,38.0
2021-04-13,211.0,76.0,33.0
2021-04-14,198.0,70.0,32.0
2021-04-15,200.0,71.0,33.0
2021-04-16,221.0,76.0,33.0
2021-04-17,224.0,79.0,33.0
2021-04-18,231.0,88.0,35.0
2021-04-19,236.0,93.0,38.0
2021-04-20,237.0,82.0,35.0
2021-04-21,246.0,84.0,36.0
2021-04-22,238.0,83.0,38.0
2021-04-23,253.0,84.0,44.0
2021-04-24,245.0,84.0,50.0
2021-04-25,247.0,81.0,49.0
2021-04-26,262.0,80.0,50.0
2021-04-27,270.0,78.0,49.0
2021-04-28,252.0,72.0,48.0
2021-04-29,240.0,67.0,44.0
2021-04-30,230.0,69.0,44.0
2021-05-01,224.0,73.0,43.0
2021-05-02,218.0,69.0,39.0
2021-05-03,220.0,68.0,44.0
2021-05-04,223.0,71.0,42.0
2021-05-05,217.0,68.0,40.0
2021-05-06,219.0,71.0,41.0
2021-05-07,220.0,73.0,41.0
2021-05-08,210.0,70.0,39.0
2021-05-09,198.0,69.0,36.0
2021-05-10,206.0,69.0,30.0
2021-05-11,210.0,68.0,34.0
2021-05-12,206.0,64.0,35.0
2021-05-13,200.0,55.0,26.0
2021-05-14,192.0,55.0,26.0
2021-05-15,184.0,58.0,28.0
2021-05-16,174.0,54.0,25.0
2021-05-17,171.0,52.0,26.0
2021-05-18,168.0,49.0,24.0
2021-05-19,164.0,52.0,25.0
2021-05-20,154.0,48.0,28.0
2021-05-21,153.0,49.0,30.0
2021-05-22,142.0,42.0,29.0
2021-05-23,140.0,38.0,23.0
2021-05-24,142.0,43.0,30.0
2021-05-25,140.0,45.0,28.0
2021-05-26,139.0,47.0,26.0
2021-05-27,135.0,47.0,25.0
2021-05-28,145.0,49.0,20.0
2021-05-29,144.0,51.0,26.0
2021-05-30,141.0,53.0,26.0
2021-05-31,141.0,53.0,29.0
2021-06-01,144.0,53.0,30.0
2021-06-02,139.0,48.0,28.0
2021-06-03,140.0,41.0,23.0
2021-06-04,128.0,40.0,22.0
2021-06-05,124.0,38.0,21.0
2021-06-06,131.0,40.0,20.0
2021-06-07,125.0,39.0,18.0
2021-06-08,134.0,43.0,24.0
2021-06-09,123.0,41.0,19.0
2021-06-10,126.0,39.0,17.0
2021-06-11,126.0,37.0,18.0
2021-06-12,118.0,31.0,18.0
2021-06-13,123.0,36.0,19.0
2021-06-14,128.0,38.0,19.0
2021-06-15,117.0,37.0,16.0
2021-06-16,113.0,32.0,13.0
2021-06-17,112.0,37.0,13.0
2021-06-18,118.0,33.0,13.0
2021-06-19,122.0,35.0,16.0
2021-06-20,125.0,42.0,16.0
2021-06-21,135.0,45.0,16.0
2021-06-22,147.0,46.0,14.0
2021-06-23,157.0,50.0,18.0
2021-06-24,149.0,50.0,19.0
2021-06-25,145.0,49.0,23.0
2021-06-26,132.0,41.0,21.0
2021-06-27,125.0,38.0,21.0
2021-06-28,120.0,40.0,21.0
2021-06-29,116.0,38.0,21.0
2021-06-30,119.0,40.0,23.0
2021-07-01,131.0,44.0,24.0
2021-07-02,149.0,46.0,22.0
2021-07-03,142.0,44.0,19.0
2021-07-04,145.0,46.0,18.0
2021-07-05,151.0,44.0,20.0
2021-07-06,149.0,52.0,23.0
2021-07-07,155.0,54.0,18.0
2021-07-08,165.0,56.0,23.0
2021-07-09,184.0,61.0,22.0
2021-07-10,192.0,67.0,23.0
2021-07-11,216.0,71.0,30.0
2021-07-12,229.0,76.0,38.0
2021-07-13,243.0,76.0,37.0
2021-07-14,258.0,81.0,33.0
2021-07-15,263.0,84.0,40.0
2021-07-16,260.0,90.0,38.0
2021-07-17,286.0,91.0,40.0
2021-07-18,298.0,86.0,41.0
2021-07-19,335.0,95.0,47.0
2021-07-20,356.0,108.0,48.0
2021-07-21,397.0,110.0,49.0
2021-07-22,417.0,119.0,51.0
2021-07-23,418.0,121.0,50.0
2021-07-24,457.0,130.0,53.0
2021-07-25,495.0,138.0,61.0
2021-07-26,541.0,141.0,72.0
2021-07-27,585.0,182.0,76.0
2021-07-28,629.0,192.0,86.0
2021-07-29,695.0,195.0,93.0
2021-07-30,748.0,200.0,96.0
2021-07-31,775.0,207.0,105.0
2021-08-01,801.0,228.0,107.0
2021-08-02,855.0,233.0,124.0
2021-08-03,920.0,260.0,132.0
2021-08-04,938.0,262.0,141.0
2021-08-05,967.0,262.0,149.0
2021-08-06,1002.0,273.0,158.0
2021-08-07,1064.0,283.0,175.0
2021-08-08,1117.0,298.0,170.0
2021-08-09,1197.0,314.0,181.0
2021-08-10,1242.0,314.0,193.0
2021-08-11,1284.0,331.0,194.0
2021-08-12,1267.0,327.0,194.0
2021-08-13,1299.0,333.0,214.0
2021-08-14,1286.0,353.0,231.0
2021-08-15,1335.0,359.0,233.0
2021-08-16,1413.0,367.0,238.0
2021-08-17,1383.0,370.0,244.0
2021-08-18,1397.0,373.0,230.0
2021-08-19,1382.0,371.0,253.0
2021-08-20,1385.0,390.0,262.0
2021-08-21,1406.0,410.0,283.0
2021-08-22,1418.0,404.0,282.0
2021-08-23,1466.0,412.0,279.0
2021-08-24,1418.0,407.0,245.0
2021-08-25,1371.0,391.0,238.0
2021-08-26,1365.0,394.0,257.0
2021-08-27,1319.0,374.0,252.0
2021-08-28,1298.0,373.0,255.0
2021-08-29,1289.0,381.0,236.0
2021-08-30,1298.0,369.0,245.0
2021-08-31,1313.0,378.0,237.0
2021-09-01,1302.0,371.0,240.0
2021-09-02,1268.0,361.0,234.0
2021-09-03,1218.0,356.0,223.0
2021-09-04,1213.0,358.0,233.0
2021-09-05,1200.0,359.0,235.0
2021-09-06,1216.0,358.0,233.0
2021-09-07,1215.0,359.0,243.0
2021-09-08,1194.0,360.0,242.0
2021-09-09,1159.0,365.0,260.0
2021-09-10,1121.0,358.0,249.0
2021-09-11,1066.0,347.0,230.0
2021-09-12,1050.0,337.0,219.0
2021-09-13,1043.0,337.0,204.0
2021-09-14,1016.0,329.0,194.0
2021-09-15,991.0,319.0,210.0
2021-09-16,960.0,330.0,212.0
2021-09-17,894.0,323.0,220.0
2021-09-18,863.0,308.0,213.0
2021-09-19,867.0,307.0,214.0
2021-09-20,883.0,311.0,197.0
2021-09-21,868.0,314.0,196.0
2021-09-22,846.0,300.0,187.0
2021-09-23,820.0,289.0,158.0
2021-09-24,799.0,285.0,162.0
2021-09-25,745.0,279.0,159.0
2021-09-26,705.0,268.0,142.0
2021-09-27,710.0,256.0,146.0
2021-09-28,723.0,257.0,130.0
2021-09-29,700.0,244.0,118.0
2021-09-30,659.0,227.0,112.0
2021-10-01,616.0,223.0,102.0
2021-10-02,577.0,210.0,97.0
2021-10-03,585.0,222.0,100.0
2021-10-04,576.0,219.0,108.0
2021-10-05,553.0,206.0,100.0
2021-10-06,530.0,188.0,96.0
2021-10-07,496.0,184.0,98.0
2021-10-08,467.0,173.0,82.0
2021-10-09,460.0,182.0,85.0
2021-10-10,455.0,172.0,82.0
2021-10-11,452.0,163.0,82.0
2021-10-12,438.0,151.0,65.0
2021-10-13,428.0,155.0,75.0
2021-10-14,393.0,148.0,75.0
2021-10-15,372.0,143.0,71.0
2021-10-16,351.0,138.0,68.0
2021-10-17,330.0,136.0,61.0
2021-10-18,305.0,122.0,59.0
2021-10-19,297.0,121.0,59.0
2021-10-20,297.0,125.0,54.0
2021-10-21,285.0,126.0,51.0
2021-10-22,282.0,125.0,52.0
2021-10-23,274.0,117.0,55.0
2021-10-24,273.0,114.0,53.0
2021-10-25,279.0,107.0,56.0
2021-10-26,279.0,109.0,53.0
2021-10-27,263.0,103.0,49.0
2021-10-28,241.0,100.0,45.0
2021-10-29,224.0,92.0,41.0
2021-10-30,215.0,88.0,43.0
2021-10-31,206.0,89.0,45.0
2021-11-01,211.0,92.0,39.0
2021-11-02,200.0,88.0,38.0
2021-11-03,186.0,77.0,34.0
2021-11-04,188.0,76.0,33.0
2021-11-05,161.0,70.0,53.0
2021-11-06,135.0,60.0,51.0
2021-11-07,140.0,58.0,44.0
2021-11-08,145.0,59.0,32.0
2021-11-09,136.0,50.0,30.0
2021-11-10,147.0,55.0,30.0
2021-11-11,141.0,49.0,27.0
2021-11-12,140.0,48.0,26.0
2021-11-13,133.0,45.0,27.0
2021-11-14,134.0,48.0,27.0
2021-11-15,150.0,54.0,25.0
2021-11-16,159.0,61.0,26.0
2021-11-17,157.0,57.0,27.0
2021-11-18,152.0,54.0,23.0
2021-11-19,140.0,48.0,25.0
2021-11-20,148.0,54.0,26.0
2021-11-21,154.0,54.0,26.0
2021-11-22,161.0,54.0,19.0
2021-11-23,156.0,54.0,21.0
2021-11-24,157.0,50.0,24.0
2021-11-25,160.0,54.0,25.0
2021-11-26,154.0,58.0,24.0
2021-11-27,163.0,62.0,29.0
2021-11-28,168.0,69.0,34.0
2021-11-29,177.0,71.0,30.0
2021-11-30,184.0,65.0,29.0
2021-12-01,185.0,69.0,25.0
2021-12-02,181.0,68.0,36.0
2021-12-03,183.0,70.0,32.0
2021-12-04,184.0,69.0,39.0
2021-12-05,186.0,66.0,38.0
2021-12-06,209.0,73.0,31.0
2021-12-07,215.0,70.0,34.0
2021-12-08,195.0,71.0,29.0
2021-12-09,189.0,67.0,30.0
2021-12-10,190.0,65.0,39.0
2021-12-11,206.0,79.0,46.0
2021-12-12,207.0,83.0,49.0
2021-12-13,203.0,78.0,40.0
2021-12-14,198.0,78.0,43.0
2021-12-15,199.0,81.0,44.0
2021-12-16,193.0,79.0,44.0
2021-12-17,183.0,79.0,40.0
2021-12-18,176.0,82.0,49.0
2021-12-19,181.0,84.0,46.0
2021-12-20,180.0,83.0,40.0
2021-12-21,185.0,72.0,39.0
2021-12-22,182.0,72.0,44.0
2021-12-23,200.0,77.0,44.0
2021-12-24,198.0,69.0,44.0
2021-12-25,202.0,68.0,41.0
2021-12-26,225.0,75.0,38.0
2021-12-27,259.0,81.0,37.0
2021-12-28,294.0,86.0,37.0
2021-12-29,325.0,82.0,36.0
2021-12-30,352.0,74.0,30.0
2021-12-31,372.0,85.0,32.0
2022-01-01,405.0,87.0,32.0
2022-01-02,456.0,94.0,30.0
2022-01-03,506.0,111.0,41.0
2022-01-04,533.0,116.0,47.0
2022-01-05,569.0,134.0,48.0
2022-01-06,625.0,142.0,52.0
2022-01-07,679.0,150.0,59.0
2022-01-08,731.0,153.0,58.0
2022-01-09,778.0,164.0,56.0
2022-01-10,815.0,186.0,65.0
2022-01-11,898.0,195.0,73.0
2022-01-12,958.0,201.0,79.0
2022-01-13,982.0,206.0,73.0
2022-01-14,1028.0,214.0,76.0
2022-01-15,1043.0,220.0,83.0
2022-01-16,1095.0,237.0,96.0
2022-01-17,1129.0,239.0,94.0
2022-01-18,1197.0,249.0,105.0
2022-01-19,1218.0,260.0,111.0
2022-01-20,1263.0,277.0,116.0
2022-01-21,1257.0,260.0,115.0
2022-01-22,1228.0,275.0,116.0
2022-01-23,1259.0,263.0,125.0
2022-01-24,1257.0,266.0,123.0
2022-01-25,1277.0,286.0,119.0
2022-01-26,1308.0,270.0,129.0
2022-01-27,1289.0,263.0,123.0
2022-01-28,1245.0,282.0,127.0
2022-01-29,1179.0,284.0,131.0
2022-01-30,1168.0,289.0,130.0
2022-01-31,1196.0,293.0,135.0
2022-02-01,1183.0,292.0,138.0
2022-02-02,1156.0,277.0,133.0
2022-02-03,1116.0,273.0,121.0
2022-02-04,1065.0,247.0,118.0
2022-02-05,1003.0,256.0,112.0
2022-02-06,956.0,236.0,108.0
2022-02-07,969.0,239.0,107.0
2022-02-08,937.0,241.0,116.0
2022-02-09,906.0,236.0,114.0
2022-02-10,840.0,212.0,109.0
2022-02-11,785.0,211.0,112.0
2022-02-12,742.0,199.0,97.0
2022-02-13,697.0,196.0,108.0
2022-02-14,685.0,186.0,107.0
2022-02-15,638.0,173.0,99.0
2022-02-16,587.0,158.0,95.0
2022-02-16,587.0,158.0,95.0
2022-02-17,553.0,155.0,83.0
2022-02-18,532.0,137.0,77.0
2022-02-19,514.0,133.0,71.0
2022-02-20,504.0,134.0,73.0
2022-02-21,483.0,140.0,74.0
2022-02-22,469.0,132.0,65.0
2022-02-23,448.0,113.0,58.0
2022-02-24,423.0,104.0,52.0
2022-02-25,365.0,84.0,41.0
2022-02-26,348.0,77.0,35.0
2022-02-27,328.0,71.0,42.0
2022-02-28,318.0,74.0,41.0
2022-03-01,283.0,76.0,41.0
2022-03-02,264.0,70.0,38.0
2022-03-03,242.0,61.0,33.0
2022-03-04,229.0,58.0,34.0
2022-03-05,221.0,61.0,38.0
2022-03-06,219.0,49.0,34.0
2022-03-07,229.0,54.0,34.0
2022-03-08,220.0,48.0,36.0
2022-03-09,188.0,45.0,32.0
2022-03-10,179.0,44.0,32.0
2022-03-11,175.0,47.0,32.0
2022-03-12,156.0,41.0,28.0
2022-03-13,159.0,40.0,27.0
2022-03-14,153.0,36.0,20.0
2022-03-15,157.0,38.0,22.0
2022-03-16,152.0,35.0,21.0
2022-03-17,156.0,36.0,17.0
2022-03-18,145.0,36.0,19.0
2022-03-19,135.0,35.0,17.0
2022-03-20,130.0,33.0,18.0
2022-03-21,141.0,34.0,20.0
2022-03-22,138.0,34.0,18.0
2022-03-23,127.0,35.0,19.0
2022-03-24,117.0,37.0,16.0
2022-03-25,125.0,39.0,16.0
2022-03-26,113.0,33.0,15.0
2022-03-27,111.0,31.0,17.0
2022-03-28,111.0,30.0,14.0
2022-03-29,98.0,30.0,14.0
2022-03-30,105.0,30.0,14.0
2022-03-31,97.0,26.0,15.0
2022-04-01,83.0,24.0,14.0
2022-04-02,75.0,20.0,13.0
2022-04-03,73.0,24.0,13.0
2022-04-04,66.0,25.0,13.0
2022-04-05,69.0,26.0,12.0
2022-04-06,68.0,21.0,13.0
2022-04-07,64.0,24.0,13.0
2022-04-08,61.0,22.0,12.0
2022-04-09,52.0,19.0,11.0
2022-04-10,53.0,18.0,13.0
2022-04-11,58.0,17.0,13.0
2022-04-12,57.0,14.0,10.0
2022-04-13,57.0,15.0,10.0
2022-04-14,54.0,14.0,10.0
2022-04-15,56.0,17.0,9.0
2022-04-16,61.0,20.0,10.0
2022-04-17,53.0,15.0,8.0
2022-04-18,50.0,14.0,8.0
2022-04-19,51.0,16.0,8.0
2022-04-20,50.0,17.0,7.0
2022-04-21,53.0,16.0,9.0
2022-04-22,58.0,16.0,10.0
2022-04-23,57.0,15.0,8.0
2022-04-24,58.0,15.0,8.0
2022-04-25,58.0,13.0,8.0
2022-04-26,60.0,14.0,9.0
2022-04-27,52.0,12.0,9.0
2022-04-28,63.0,11.0,8.0
2022-04-29,63.0,13.0,9.0
2022-04-30,55.0,14.0,10.0
2022-05-01,61.0,13.0,10.0
2022-05-02,63.0,15.0,10.0
2022-05-03,67.0,20.0,10.0
2022-05-04,66.0,22.0,13.0
2022-05-05,72.0,22.0,12.0
2022-05-06,63.0,21.0,8.0
2022-05-07,69.0,20.0,9.0
2022-05-08,66.0,20.0,11.0
2022-05-09,68.0,22.0,12.0
2022-05-10,64.0,19.0,11.0
2022-05-11,70.0,19.0,9.0
2022-05-12,63.0,17.0,9.0
2022-05-13,71.0,19.0,9.0
2022-05-14,68.0,18.0,6.0
2022-05-15,68.0,20.0,9.0
2022-05-16,89.0,24.0,10.0
2022-05-17,90.0,22.0,9.0
2022-05-18,79.0,19.0,9.0
2022-05-19,74.0,18.0,8.0
2022-05-20,71.0,22.0,8.0
2022-05-21,81.0,28.0,12.0
2022-05-22,86.0,32.0,13.0
2022-05-23,95.0,30.0,13.0
2022-05-24,89.0,24.0,12.0
2022-05-25,89.0,28.0,11.0
2022-05-26,90.0,24.0,11.0
2022-05-27,93.0,24.0,9.0
2022-05-28,85.0,25.0,10.0
2022-05-29,86.0,23.0,11.0
2022-05-30,92.0,25.0,12.0
2022-05-31,104.0,29.0,14.0
2022-06-01,102.0,28.0,14.0
2022-06-02,105.0,25.0,14.0
